id,first_name,last_name,email,join_date,last_post_date
1,Matthew,Burgess,julieavila@hotmail.com,12/29/2023,1/31/2024
2,Laurie,Potter,ashley03@hicks.com,8/25/2023,4/13/2024
3,Jeffery,Allen,iware@turner-roth.biz,9/8/2023,5/20/2024
4,James,Tucker,danielleandrews@gmail.com,2/14/2023,6/30/2023
5,Michael,Fuller,victoria23@yahoo.com,6/27/2023,5/18/2024
6,Amber,Tran,margaretjohnson@gordon-morgan.com,6/10/2023,2/8/2024
7,Barbara,Rodriguez,jennifer90@page.com,5/6/2023,5/2/2024
8,Martha,Rivera,robertswilliam@gmail.com,12/14/2023,9/8/2024
9,James,Perez,acrane@abbott.com,9/20/2023,11/10/2023
10,Christopher,Stokes,davidrosario@gmail.com,3/6/2023,7/28/2023
