id,first_name,last_name,email,join_date
1,Brandon,Mclean,scotttorres@hotmail.com,9/13/2023
2,Audrey,Chan,bschneider@yahoo.com,9/16/2023
3,Gary,Hernandez,cynthia68@johnson.org,10/4/2023
4,Alexander,Jenkins,markblack@hotmail.com,2/7/2023
5,Elizabeth,Baldwin,gomezedward@russell-perez.com,6/29/2023
6,Edward,Berry,victoriawilson@gmail.com,12/27/2023
7,Patrick,Mendoza,joseph12@cummings.com,5/6/2023
8,Brandon,Bailey,dnoble@hotmail.com,1/28/2023
9,Nicholas,Buchanan,huertanancy@hotmail.com,5/6/2023
10,Maria,Castillo,brollins@yahoo.com,9/14/2023
11,Patricia,Jones,chensarah@hotmail.com,2/10/2023
12,Molly,Newton,owatson@morales-erickson.com,10/18/2023
13,Todd,Hood,josephmiller@moore.com,12/27/2023
14,Kevin,Lopez,donnaflores@gmail.com,11/19/2023
15,Jennifer,Benitez,richard76@gmail.com,1/2/2023
16,Charles,Berry,jesse13@wilson.com,11/2/2023
17,Savannah,Williams,imacias@hotmail.com,8/22/2023
18,Aaron,Gallagher,thompsontyler@yahoo.com,5/28/2023
19,Timothy,Allen,cdudley@monroe.com,12/15/2023
20,David,Steele,turnerrita@gmail.com,8/13/2023
21,Sabrina,Santana,crussell@wright.net,7/9/2023
22,Heather,Grant,michaelking@rogers-bowers.com,10/15/2023
23,Brandon,Carrillo,shannon55@yahoo.com,12/22/2023
24,John,Simpson,colejennifer@ryan.com,9/3/2023
25,David,Miller,kristinacantrell@armstrong-black.com,2/1/2023
